<?xml version="1.0" encoding="UTF-8"?>
<project-private xmlns="http://www.netbeans.org/ns/project-private/1">
    <editor-bookmarks xmlns="http://www.netbeans.org/ns/editor-bookmarks/2" lastBookmarkId="0"/>
    <open-files xmlns="http://www.netbeans.org/ns/projectui-open-files/2">
        <group>
            <file>file:/C:/Users/sefor/OneDrive/Área%20de%20Trabalho/POO/Prova2/src/letraD/IC.java</file>
            <file>file:/C:/Users/sefor/OneDrive/Área%20de%20Trabalho/POO/Prova2/src/letraD/A.java</file>
            <file>file:/C:/Users/sefor/OneDrive/Área%20de%20Trabalho/POO/Prova2/src/letraHExemploFeG/A.java</file>
            <file>file:/C:/Users/sefor/OneDrive/Área%20de%20Trabalho/POO/Prova2/src/letraHExemploFeG/IC.java</file>
            <file>file:/C:/Users/sefor/OneDrive/Área%20de%20Trabalho/POO/Prova2/src/letraHExemploFeG/ASubclasse.java</file>
            <file>file:/C:/Users/sefor/OneDrive/Área%20de%20Trabalho/POO/Prova2/src/letraD/Principal.java</file>
            <file>file:/C:/Users/sefor/OneDrive/Área%20de%20Trabalho/POO/Prova2/src/letraD/B.java</file>
            <file>file:/C:/Users/sefor/OneDrive/Área%20de%20Trabalho/POO/Prova2/src/letraHExemploFeG/Principal.java</file>
        </group>
    </open-files>
</project-private>
